{"cameraMode":{"drawMode":0,"name":"Shaded","section":"Shading Mode"},"sceneLighting":true,"audioPlay":false,"sceneViewState":{"showFog":true,"showMaterialUpdate":false,"showSkybox":true,"showFlares":true,"showImageEffects":true,"showParticleSystems":true},"in2DMode":false,"pivot":{"x":9.213189125061036,"y":-21.04481315612793,"z":3.1703808307647707},"rotation":{"x":0.300823450088501,"y":0.6302399039268494,"z":-0.2896578013896942,"w":0.6545274257659912},"size":37.268550872802737,"orthographic":false}