{"cameraMode":{"drawMode":0,"name":"Shaded","section":"Shading Mode"},"sceneLighting":false,"audioPlay":false,"sceneViewState":{"showFog":true,"showMaterialUpdate":false,"showSkybox":false,"showFlares":true,"showImageEffects":true,"showParticleSystems":true},"in2DMode":false,"pivot":{"x":0.0,"y":0.08114151656627655,"z":-9.313225746154785e-9},"rotation":{"x":0.35276469588279726,"y":-0.16164137423038484,"z":0.06201125308871269,"w":0.9195586442947388},"size":4.266797065734863,"orthographic":false}