{"cameraMode":{"drawMode":0,"name":"Shaded","section":"Shading Mode"},"sceneLighting":true,"audioPlay":false,"sceneViewState":{"showFog":true,"showMaterialUpdate":false,"showSkybox":true,"showFlares":true,"showImageEffects":true,"showParticleSystems":true},"in2DMode":false,"pivot":{"x":-8.11855411529541,"y":5.195709228515625,"z":6.448598861694336},"rotation":{"x":-0.17122714221477509,"y":0.337242990732193,"z":-0.06252400577068329,"w":-0.9236046075820923},"size":8.584086418151856,"orthographic":false}