{"cameraMode":{"drawMode":0,"name":"Shaded","section":"Shading Mode"},"sceneLighting":true,"audioPlay":false,"sceneViewState":{"showFog":true,"showMaterialUpdate":false,"showSkybox":true,"showFlares":true,"showImageEffects":true,"showParticleSystems":true},"in2DMode":false,"pivot":{"x":-1.6782474517822266,"y":-7.342435836791992,"z":5.340872764587402},"rotation":{"x":0.2087346315383911,"y":0.016131723299622537,"z":-0.003442634828388691,"w":0.977834939956665},"size":11.506620407104493,"orthographic":false}