{"cameraMode":{"drawMode":0,"name":"Shaded","section":"Shading Mode"},"sceneLighting":true,"audioPlay":false,"sceneViewState":{"showFog":true,"showMaterialUpdate":false,"showSkybox":true,"showFlares":true,"showImageEffects":true,"showParticleSystems":true},"in2DMode":false,"pivot":{"x":3.7200000286102297,"y":1.570000171661377,"z":0.4062111973762512},"rotation":{"x":0.041590332984924319,"y":0.915066659450531,"z":-0.09782465547323227,"w":0.3890431523323059},"size":1.2247449159622193,"orthographic":false}