{"cameraMode":{"drawMode":0,"name":"Shaded","section":"Shading Mode"},"sceneLighting":true,"audioPlay":false,"sceneViewState":{"showFog":true,"showMaterialUpdate":false,"showSkybox":true,"showFlares":true,"showImageEffects":true,"showParticleSystems":true},"in2DMode":false,"pivot":{"x":-2.580000162124634,"y":2.615999460220337,"z":0.5637170076370239},"rotation":{"x":0.3118589520454407,"y":-0.639868438243866,"z":0.3188668489456177,"w":0.6258121132850647},"size":12.0394926071167,"orthographic":false}