{"cameraMode":{"drawMode":0,"name":"Shaded","section":"Shading Mode"},"sceneLighting":true,"audioPlay":false,"sceneViewState":{"showFog":true,"showMaterialUpdate":false,"showSkybox":true,"showFlares":true,"showImageEffects":true,"showParticleSystems":true},"in2DMode":false,"pivot":{"x":0.5531399846076965,"y":1.680112361907959,"z":0.2903732359409332},"rotation":{"x":0.056762512773275378,"y":-0.08496246486902237,"z":0.004848139360547066,"w":0.9947545528411865},"size":2.666025161743164,"orthographic":false}