{"cameraMode":{"drawMode":0,"name":"Shaded","section":"Shading Mode"},"sceneLighting":true,"audioPlay":false,"sceneViewState":{"showFog":true,"showMaterialUpdate":false,"showSkybox":true,"showFlares":true,"showImageEffects":true,"showParticleSystems":true},"in2DMode":false,"pivot":{"x":-4.229641914367676,"y":-7.603164196014404,"z":11.076410293579102},"rotation":{"x":0.35276469588279726,"y":-0.16164137423038484,"z":0.06201125308871269,"w":0.9195586442947388},"size":12.178706169128418,"orthographic":false}